3641c06a7080c23b6fc8f054775387e45083865a	2026-10-03T13:46:28-06:00	Update Site source
54dd2cbf3811662c5b5c8bc828f9a9fda4a42d2a	2026-10-04T18:19:13+11:00	Update Site source
e88157cafd985110b3dab449eb62f1cf89d6cac0	2026-10-04T18:42:59+11:00	Update Site source
1e6902cd614569fcfad73597f2e9fc58319f5b9e	2026-10-04T07:47:16-04:00	Update Site source
88f57b644c5a119ddbd3dce15eaeec8e9ffa0c8b	2026-10-04T12:05:33-04:00	Update Site source
3637bfd29523cd0e1e8107ccdcc1ac0617e33552	2026-10-04T12:38:08-04:00	Update Site source
0878896fa7e1b6cc06d155a907be14992fe13831	2026-10-04T13:12:23-04:00	Update Site source
17d09ffd52b7c0a308d04b99b0880729d6fc712a	2026-10-05T07:27:00-03:00	Update Site source
ac96ee680c38ad1050979a85bbf9d7b5e50b55be	2026-10-05T08:01:36-03:00	Update Site source
1e5f3dedad9c6aed36346db3bb1d60949180ce63	2026-10-05T16:58:28-03:00	Update Site source
a5e26a0cf0fce4af816cff07e6dc95708ef7a9cd	2026-10-05T17:06:35-03:00	Update Site source
83cd657f9dafa89b992985c770ba27865722168f	2026-10-05T18:10:06-03:00	Update Site source
97a2c8ab8cb4322ccf18752faa7791fcaa43d73d	2026-10-05T18:29:23-03:00	Update Site source
